stfips,areatype,area,areaname,periodyear,periodtype,period,periodname,seriescode,indtitle,seriesdesc,serieslevel,empces,hours,earnings,hourearn,ae_earnings,ae_hours,ae_hourearn,monthlychange,annualchange,percenttotal,order_id,adjusted,level,
"27","01","000000","Minnesota                       ","2020","03","01","January","00000000","Total Nonfarm                           ","Total NonFarm                           ","0",2927363,999999.0,999999.00,999999.00,,,,-1.5322003900,0.0630315500,100.0000000000,10,"0","0"
"27","01","000000","Minnesota                       ","2020","03","01","January","05000000","Total Private                           ","Total Private                           ","0",2499809,999999.0,999999.00,999999.00,1045.29,33.3,31.39,-1.5834464800,0.0663690800,85.3945684200,20,"0","0"
"27","01","000000","Minnesota                       ","2020","03","01","January","06000000","Goods-Producing","113-33 Non-Ag","1",435246,999999.0,999999.00,999999.00,1178.49,38.3,30.77,-2.0580928500,0.1869098600,14.8681936600,30,"0","1"
"27","01","000000","Minnesota                       ","2020","03","01","January","10000000","Mining and Logging","113,23 Non-Ag","2",6028,999999.0,999999.00,999999.00,,,,-1.2612612600,-1.1317041100,0.2059191100,50,"0","3"
"27","01","000000","Minnesota                       ","2020","03","01","January","15000000","Mining, Logging, and Construction","113,21,23 Non-Ag","2",116551,999999.0,999999.00,999999.00,,,,-7.0951439500,2.8948018900,3.9814331100,55,"0","3"
"27","01","000000","Minnesota                       ","2020","03","01","January","20000000","Construction                            ","23                                      ","2",110523,999999.0,999999.00,999999.00,1285.95,37.7,34.11,-7.3935666500,3.1238628400,3.7755140000,90,"0","3"
"27","01","000000","Minnesota                       ","2020","03","01","January","20236000","Construction of Buildings               ","236                                     ","5",26991,999999.0,999999.00,999999.00,,,,-5.9153653000,1.1201858200,0.9220243600,100,"0","7"
"27","01","000000","Minnesota                       ","2020","03","01","January","20236100","Residential Building Construction","2361                                    ","6",12726,999999.0,999999.00,999999.00,,,,-5.1996424300,4.5772043700,0.4347257200,110,"0","8"
"27","01","000000","Minnesota                       ","2020","03","01","January","20237000","Heavy and Civil Engineering Construction","237                                     ","5",8941,999999.0,999999.00,999999.00,,,,-24.0743885800,-9.2284263900,0.3054284600,120,"0","7"
"27","01","000000","Minnesota                       ","2020","03","01","January","20238000","Specialty Trade Contractors             ","238                                     ","5",74591,38.0,1257.42,33.09,,,,-5.4409695300,5.6036130400,2.5480611700,130,"0","7"
"27","01","000000","Minnesota                       ","2020","03","01","January","20238100","Foundation, Structure, and Building Exterior Contractors","2381                                    ","6",12590,999999.0,999999.00,999999.00,,,,-13.3516861600,3.5617339800,0.4300799000,140,"0","8"
"27","01","000000","Minnesota                       ","2020","03","01","January","20238200","Building Equipment Contractors          ","2382                                    ","6",36099,999999.0,999999.00,999999.00,,,,-3.8897763500,0.9705750700,1.2331576200,150,"0","8"
"27","01","000000","Minnesota                       ","2020","03","01","January","30000000","Manufacturing                           ","31-33                                   ","2",318695,39.6,926.24,23.39,1116.06,38.3,29.14,-0.0768169500,-0.7681481600,10.8867605400,160,"0","3"
"27","01","000000","Minnesota                       ","2020","03","01","January","31000000","Durable Goods Mfg","Durable Goods                           ","3",202269,39.0,951.21,24.39,,,,-0.3434072700,-1.8707095200,6.9095974700,170,"0","4"
"27","01","000000","Minnesota                       ","2020","03","01","January","31321000","Wood Product Mfg","321                                     ","5",11477,999999.0,999999.00,999999.00,,,,-3.2456584000,-0.7866528300,0.3920593300,180,"0","7"
"27","01","000000","Minnesota                       ","2020","03","01","January","31332000","Fabricated Metal Product Mfg","332                                     ","5",44640,999999.0,999999.00,999999.00,,,,-0.6100547700,0.0582776700,1.5249219100,190,"0","7"
"27","01","000000","Minnesota                       ","2020","03","01","January","31332700","Machine Shops; Turned Product; and Screw, Nut, and Bolt Mfg","3327                                    ","6",14771,999999.0,999999.00,999999.00,,,,-0.6924835200,-1.4872615700,0.5045838100,200,"0","8"
"27","01","000000","Minnesota                       ","2020","03","01","January","31333000","Machinery Mfg","333                                     ","5",33261,999999.0,999999.00,999999.00,,,,-0.3117038800,-2.2913545400,1.1362103000,210,"0","7"
"27","01","000000","Minnesota                       ","2020","03","01","January","31334000","Computer and Electronic Products Mfg","334                                     ","5",45483,999999.0,999999.00,999999.00,,,,0.0483931200,0.2755853400,1.5537191600,220,"0","7"
"27","01","000000","Minnesota                       ","2020","03","01","January","31334500","Navigational, Measuring, Electromedical, and Control Instruments Mfg","3345                                    ","6",26954,999999.0,999999.00,999999.00,,,,0.1151431800,0.8908519200,0.9207604200,240,"0","8"
"27","01","000000","Minnesota                       ","2020","03","01","January","31336000","Transportation Equipment Mfg","336                                     ","5",11568,999999.0,999999.00,999999.00,,,,0.2687007000,2.8449502100,0.3951679300,260,"0","7"
"27","01","000000","Minnesota                       ","2020","03","01","January","31339000","Miscellaneous Mfg","339                                     ","5",26520,999999.0,999999.00,999999.00,,,,-0.9597789100,3.1625627200,0.9059347900,280,"0","7"
"27","01","000000","Minnesota                       ","2020","03","01","January","31339100","Medical Equipment and Supplies Mfg","3391                                    ","6",17982,999999.0,999999.00,999999.00,,,,0.4244387300,5.6211453700,0.6142729800,290,"0","8"
"27","01","000000","Minnesota                       ","2020","03","01","January","32000000","Non-Durable Goods Mfg","Non Durable Goods                       ","3",116426,40.5,881.28,21.76,,,,0.3897425200,1.2074376000,3.9771630600,300,"0","4"
"27","01","000000","Minnesota                       ","2020","03","01","January","32311000","Food Mfg","311                                     ","5",46266,999999.0,999999.00,999999.00,,,,-0.5374494700,1.4182687000,1.5804667800,310,"0","7"
"27","01","000000","Minnesota                       ","2020","03","01","January","32311600","Animal Slaughtering and Processing","3116                                    ","6",17009,999999.0,999999.00,999999.00,,,,-1.2998317100,1.0815950500,0.5810348700,330,"0","8"
"27","01","000000","Minnesota                       ","2020","03","01","January","07000000","Service-Providing                       ","34-92                                   ","1",2492117,999999.0,999999.00,999999.00,,,,-1.4397739000,0.0414277300,85.1318063300,375,"0","1"
"27","01","000000","Minnesota                       ","2020","03","01","January","08000000","Private Service Providing","34-81","1",2064563,999999.0,999999.00,999999.00,1015.59,32.2,31.54,-1.4827949600,0.0409939900,70.5263747600,376,"0","2"
"27","01","000000","Minnesota                       ","2020","03","01","January","40000000","Trade, Transportation and Utilities","42-49                                   ","2",527345,999999.0,999999.00,999999.00,791.87,30.8,25.71,-2.8170156100,-0.7154355200,18.0143357600,380,"0","3"
"27","01","000000","Minnesota                       ","2020","03","01","January","41000000","Wholesale Trade                         ","42                                      ","2",126620,38.5,1082.62,28.12,,,,-0.5083800100,-0.4810110600,4.3253945600,390,"0","4"
"27","01","000000","Minnesota                       ","2020","03","01","January","41423000","Merchant Wholesalers - Durable Goods","423                                     ","5",74286,999999.0,999999.00,999999.00,,,,-0.8753435900,-0.3354083900,2.5376422300,400,"0","7"
"27","01","000000","Minnesota                       ","2020","03","01","January","41424000","Merchant Wholesaler - Nondurable Goods","424                                     ","5",45398,999999.0,999999.00,999999.00,,,,0.4736189800,-0.0506373700,1.5508155200,420,"0","7"
"27","01","000000","Minnesota                       ","2020","03","01","January","41425000","Wholesale Electronic Markets and Agents and Brokers","425                                     ","5",6936,999999.0,999999.00,999999.00,,,,-2.8707463900,-4.6597938100,0.2369367900,430,"0","7"
"27","01","000000","Minnesota                       ","2020","03","01","January","42000000","Retail Trade                            ","44-45                                   ","2",291435,25.7,428.68,16.68,,,,-3.4622226100,-1.0521705400,9.9555470200,440,"0","4"
"27","01","000000","Minnesota                       ","2020","03","01","January","42441000","Motor Vehicle and Parts Dealers","441                                     ","5",36395,999999.0,999999.00,999999.00,,,,-0.5818400300,1.2406464700,1.2432691100,450,"0","7"
"27","01","000000","Minnesota                       ","2020","03","01","January","42444000","Building Material and Garden Equipment and Supplies Dealers","444                                     ","5",24655,999999.0,999999.00,999999.00,,,,-3.8266500200,-0.6327583400,0.8422255700,470,"0","7"
"27","01","000000","Minnesota                       ","2020","03","01","January","42445000","Food and Beverage Stores                ","445                                     ","5",54724,999999.0,999999.00,999999.00,,,,-1.2629907600,-2.1894940000,1.8693957600,490,"0","7"
"27","01","000000","Minnesota                       ","2020","03","01","January","42445100","Grocery Stores                          ","4451                                    ","6",45527,999999.0,999999.00,999999.00,,,,-1.2515183000,-4.0708822300,1.5552222200,500,"0","8"
"27","01","000000","Minnesota                       ","2020","03","01","January","42447000","Gasoline Stations                       ","447                                     ","5",26209,999999.0,999999.00,999999.00,,,,-1.5069522700,1.9488097000,0.8953108900,510,"0","7"
"27","01","000000","Minnesota                       ","2020","03","01","January","42452000","General Merchandise Stores","452                                     ","5",58594,24.5,362.60,14.80,,,,-6.7820608600,-4.2519118800,2.0015966500,520,"0","7"
"27","01","000000","Minnesota                       ","2020","03","01","January","42452200","Department Stores","4522","6",21212,999999.0,999999.00,999999.00,,,,-10.4336443800,-9.3310536400,0.7246111900,530,"0","8"
"27","01","000000","Minnesota                       ","2020","03","01","January","42453000","Miscellaneous Store Retailers","453                                     ","5",12964,999999.0,999999.00,999999.00,,,,-4.6063281800,-5.5790240300,0.4428559000,540,"0","7"
"27","01","000000","Minnesota                       ","2020","03","01","January","43000000","Transportation, Warehousing, and Utilities","48,49,22                                ","2",109290,999999.0,999999.00,999999.00,,,,-3.6897344800,-0.0813684500,3.7333941800,550,"0","4"
"27","01","000000","Minnesota                       ","2020","03","01","January","43400089","Transportation and Warehousing","48-49                                   ","8",97413,34.9,837.25,23.99,,,,-3.9707810400,-0.0543779300,3.3276706700,560,"0","5"
"27","01","000000","Minnesota                       ","2020","03","01","January","43484000","Truck Transportation                    ","484                                     ","5",25894,999999.0,999999.00,999999.00,,,,-3.1420662800,-1.8050815300,0.8845503600,570,"0","7"
"27","01","000000","Minnesota                       ","2020","03","01","January","43492000","Couriers and Messengers                 ","492                                     ","5",16722,999999.0,999999.00,999999.00,,,,-9.6498811300,12.7959527800,0.5712308300,580,"0","7"
"27","01","000000","Minnesota                       ","2020","03","01","January","43220000","Utilities","22                                      ","4",11877,999999.0,999999.00,999999.00,,,,-1.3210368800,-0.3021908800,0.4057235100,590,"0","5"
"27","01","000000","Minnesota                       ","2020","03","01","January","50000000","Information                             ","51                                      ","2",44968,,,,,,,-2.3326527900,-4.0744059000,1.5361265400,600,"0","3"
"27","01","000000","Minnesota                       ","2020","03","01","January","50511000","Publishing Industries (except Internet)","511                                     ","5",19082,999999.0,999999.00,999999.00,,,,-1.0987871800,-0.7489857400,0.6518494600,610,"0","7"
"27","01","000000","Minnesota                       ","2020","03","01","January","50517000","Telecommunications                      ","517                                     ","5",10999,999999.0,999999.00,999999.00,,,,-1.1148071500,-6.3356893400,0.3757306400,630,"0","7"
"27","01","000000","Minnesota                       ","2020","03","01","January","55000000","Financial Activities                    ","52                                      ","2",189974,999999.0,999999.00,999999.00,1506.34,38.3,39.33,-0.6277004100,-0.4558697100,6.4895949000,660,"0","3"
"27","01","000000","Minnesota                       ","2020","03","01","January","55520000","Finance and Insurance                   ","52                                      ","4",156327,36.6,1157.29,31.62,,,,-0.2303941500,-0.1634915600,5.3401986700,670,"0","4"
"27","01","000000","Minnesota                       ","2020","03","01","January","55522000","Credit Intermediation and Related Activities","522                                     ","5",67128,35.4,777.03,21.95,,,,0.2179690000,-0.2511256000,2.2931218300,680,"0","7"
"27","01","000000","Minnesota                       ","2020","03","01","January","55522100","Depository Credit Intermediation        ","5221                                    ","6",56335,999999.0,999999.00,999999.00,,,,0.1938604900,-0.7295282700,1.9244282300,690,"0","8"
"27","01","000000","Minnesota                       ","2020","03","01","January","55522200","Nondepository Credit Intermediation     ","5222                                    ","6",6761,999999.0,999999.00,999999.00,,,,0.3711401400,-0.0147885200,0.2309587100,700,"0","8"
"27","01","000000","Minnesota                       ","2020","03","01","January","55523000","Securities, Commodity Contracts, and Other Financial Investments and Related Activities","523                                     ","5",19480,999999.0,999999.00,999999.00,,,,-0.4089979500,-0.3784391900,0.6654453100,710,"0","7"
"27","01","000000","Minnesota                       ","2020","03","01","January","55524000","Insurance Carriers and Related Activities","524                                     ","5",69719,999999.0,999999.00,999999.00,,,,-0.6087303600,-0.0186428000,2.3816315200,730,"0","7"
"27","01","000000","Minnesota                       ","2020","03","01","January","55524100","Insurance Carriers                      ","5241                                    ","6",45216,999999.0,999999.00,999999.00,,,,-0.6045151700,0.0110592500,1.5445983200,740,"0","8"
"27","01","000000","Minnesota                       ","2020","03","01","January","55524200","Agencies, Brokerages and Other Insurance Related Activities","5242                                    ","6",24503,999999.0,999999.00,999999.00,,,,-0.6165078000,-0.0734064600,0.8370331900,750,"0","8"
"27","01","000000","Minnesota                       ","2020","03","01","January","55530000","Real Estate and Rental and Leasing","53                                      ","4",33647,999999.0,999999.00,999999.00,,,,-2.4328713100,-1.7921251500,1.1493962300,760,"0","4"
"27","01","000000","Minnesota                       ","2020","03","01","January","55531000","Real Estate                             ","531                                     ","5",27419,999999.0,999999.00,999999.00,,,,-2.3122416900,-0.7349214300,0.9366450200,770,"0","7"
"27","01","000000","Minnesota                       ","2020","03","01","January","60000000","Professional and Business Services      ","54-56                                   ","2",378771,999999.0,999999.00,999999.00,1342.66,35.9,37.40,-0.6846154200,0.9649447800,12.9389829600,780,"0","3"
"27","01","000000","Minnesota                       ","2020","03","01","January","60540000","Professional, Scientific, and  Technical Services","54                                      ","4",160633,999999.0,999999.00,999999.00,,,,2.2423779500,1.3131421400,5.4872935100,790,"0","4"
"27","01","000000","Minnesota                       ","2020","03","01","January","60541100","Legal Services                          ","5411                                    ","6",18125,999999.0,999999.00,999999.00,,,,1.5576847600,2.0092300700,0.6191579200,800,"0","8"
"27","01","000000","Minnesota                       ","2020","03","01","January","60541200","Accounting, Tax Preparation, Bookkeeping, and Payroll Services","5412                                    ","6",16149,999999.0,999999.00,999999.00,,,,7.1457006300,-1.8417213700,0.5516569000,810,"0","8"
"27","01","000000","Minnesota                       ","2020","03","01","January","60541300","Architectural, Engineering, and Related Services","5413                                    ","6",24169,999999.0,999999.00,999999.00,,,,0.1989967200,6.9282838500,0.8256236000,820,"0","8"
"27","01","000000","Minnesota                       ","2020","03","01","January","60541500","Computer Systems Design and Related Services","5415                                    ","6",37143,999999.0,999999.00,999999.00,,,,3.6500627800,1.6140946000,1.2688211100,830,"0","8"
"27","01","000000","Minnesota                       ","2020","03","01","January","60550000","Management of Companies and Enterprises","55                                      ","4",88267,999999.0,999999.00,999999.00,,,,-0.9560250900,0.2578373400,3.0152393100,840,"0","4"
"27","01","000000","Minnesota                       ","2020","03","01","January","60560000","Administrative and Support and Waste Management and Remediation Services","56                                      ","4",129871,999999.0,999999.00,999999.00,,,,-3.9081633400,1.0197573100,4.4364501400,850,"0","4"
"27","01","000000","Minnesota                       ","2020","03","01","January","60561300","Employment Services                     ","5613                                    ","6",57319,999999.0,999999.00,999999.00,,,,-7.3542484900,-4.5097124500,1.9580421000,860,"0","8"
"27","01","000000","Minnesota                       ","2020","03","01","January","60561700","Services to Buildings and Dwellings","5617                                    ","6",29552,999999.0,999999.00,999999.00,,,,-4.2509072000,7.1734242400,1.0095092400,870,"0","8"
"27","01","000000","Minnesota                       ","2020","03","01","January","65000000","Education and Health Services","61-62                                   ","2",548707,999999.0,999999.00,999999.00,969.58,31.8,30.49,-0.7732606600,0.2799835500,18.7440710200,880,"0","3"
"27","01","000000","Minnesota                       ","2020","03","01","January","65610000","Educational Services                    ","61                                      ","4",73130,999999.0,999999.00,999999.00,,,,-0.5561674700,5.4414902800,2.4981527700,890,"0","4"
"27","01","000000","Minnesota                       ","2020","03","01","January","65611100","Elementary and Secondary Schools","6111","6",24998,999999.0,999999.00,999999.00,,,,-0.2832183100,4.2712939000,0.8539426000,895,"0","8"
"27","01","000000","Minnesota                       ","2020","03","01","January","65611300","Colleges, Universities and Professional Schools","6113                                    ","6",29134,999999.0,999999.00,999999.00,,,,-6.2974398500,3.1913009500,0.9952301700,900,"0","8"
"27","01","000000","Minnesota                       ","2020","03","01","January","65620000","Health Care and Social Assistance","62                                      ","4",475577,999999.0,999999.00,999999.00,,,,-0.8065592600,-0.4692153300,16.2459182500,910,"0","4"
"27","01","000000","Minnesota                       ","2020","03","01","January","65621000","Ambulatory Health Care Services","621                                     ","5",156274,32.6,1158.60,35.54,,,,-0.9883801900,-0.2565804500,5.3383881600,920,"0","7"
"27","01","000000","Minnesota                       ","2020","03","01","January","65621100","Offices of Physicians","6211                                    ","6",75438,999999.0,999999.00,999999.00,,,,-0.5143218800,-0.0357781700,2.5769950600,930,"0","8"
"27","01","000000","Minnesota                       ","2020","03","01","January","65621200","Offices of Dentists                     ","6212                                    ","6",16690,999999.0,999999.00,999999.00,,,,-1.2776529000,-0.2331281000,0.5701376900,940,"0","8"
"27","01","000000","Minnesota                       ","2020","03","01","January","65622000","Hospitals                               ","622                                     ","5",116251,999999.0,999999.00,999999.00,,,,-0.2522630700,0.9885938100,3.9711849800,950,"0","7"
"27","01","000000","Minnesota                       ","2020","03","01","January","65623000","Nursing and Residential Care Facilities ","623                                     ","5",105432,28.6,543.69,19.01,,,,-0.6211648400,-2.2891141900,3.6016032100,960,"0","7"
"27","01","000000","Minnesota                       ","2020","03","01","January","65623100","Nursing Care Facilities                 ","6231                                    ","6",41595,999999.0,999999.00,999999.00,,,,-0.6710287500,-1.9217165700,1.4209033800,970,"0","8"
"27","01","000000","Minnesota                       ","2020","03","01","January","65624000","Social Assistance                       ","624                                     ","5",97620,999999.0,999999.00,999999.00,,,,-1.3680360400,-0.5176911700,3.3347418800,980,"0","7"
"27","01","000000","Minnesota                       ","2020","03","01","January","70000000","Leisure and Hospitality                 ","71-72                                   ","2",261390,999999.0,999999.00,999999.00,374.10,21.1,17.73,-1.9041971800,0.3362583200,8.9291966800,990,"0","3"
"27","01","000000","Minnesota                       ","2020","03","01","January","70710000","Arts, Entertainment, and Recreation","71                                      ","4",44408,999999.0,999999.00,999999.00,,,,0.3026607000,5.2771324200,1.5169966900,1000,"0","4"
"27","01","000000","Minnesota                       ","2020","03","01","January","70720000","Accommodation and Food Services         ","72                                      ","4",216982,999999.0,999999.00,999999.00,,,,-2.3439398700,-0.6183243800,7.4121999900,1020,"0","4"
"27","01","000000","Minnesota                       ","2020","03","01","January","70721000","Accommodation                           ","721                                     ","5",26066,999999.0,999999.00,999999.00,,,,-2.2243895100,-1.1678167800,0.8904259500,1030,"0","7"
"27","01","000000","Minnesota                       ","2020","03","01","January","70722000","Food Services and Drinking Places","722                                     ","5",190916,19.4,285.57,14.72,,,,-2.3602395500,-0.5428270700,6.5217740300,1040,"0","7"
"27","01","000000","Minnesota                       ","2020","03","01","January","70722500","Restaurants and Other Eating Places","7225","6",166446,999999.0,999999.00,999999.00,,,,-2.1723031300,-1.5578424400,5.6858681300,1074,"0","8"
"27","01","000000","Minnesota                       ","2020","03","01","January","70722511","Full-Service Restaurants                ","7225","6",88226,,,,,,,-0.7849399400,-0.1200018100,3.0138387300,1075,"0","9"
"27","01","000000","Minnesota                       ","2020","03","01","January","70722590","Limited-Service Restaurants","7225","6",78220,,,,,,,-3.6912999500,-3.1307276900,2.6720293900,1076,"0","9"
"27","01","000000","Minnesota                       ","2020","03","01","January","80000000","Other Services","81                                      ","2",113408,999999.0,999999.00,999999.00,767.68,30.2,25.42,-1.3508929100,1.2481028400,3.8740668600,1080,"0","3"
"27","01","000000","Minnesota                       ","2020","03","01","January","80811000","Repair and Maintenance                  ","811                                     ","5",22819,999999.0,999999.00,999999.00,,,,-1.2121736800,5.0356731800,0.7795070100,1090,"0","7"
"27","01","000000","Minnesota                       ","2020","03","01","January","80812000","Personal and Laundry Services           ","812                                     ","5",28753,999999.0,999999.00,999999.00,,,,-1.9371781300,2.6599542900,0.9822150500,1110,"0","7"
"27","01","000000","Minnesota                       ","2020","03","01","January","80813000","Religious, Grantmaking, Civic, Professional, and Similar Organizations","813                                     ","5",61836,999999.0,999999.00,999999.00,,,,-1.1272605100,-0.7081265900,2.1123447900,1120,"0","7"
"27","01","000000","Minnesota                       ","2020","03","01","January","90000000","Government                              ","Total Government                        ","2",427554,999999.0,999999.00,999999.00,,,,-1.2315049000,0.0435222100,14.6054315700,1140,"0","3"
"27","01","000000","Minnesota                       ","2020","03","01","January","90910000","Federal Government                      ","Federal Government                      ","4",32386,999999.0,999999.00,999999.00,,,,0.0648849000,2.5814830000,1.1063199200,1150,"0","4"
"27","01","000000","Minnesota                       ","2020","03","01","January","90919120","US Postal Service                      ","491                                     ","7",12175,999999.0,999999.00,999999.00,,,,-0.7661586100,0.3461633500,0.4159033200,1160,"0","7"
"27","01","000000","Minnesota                       ","2020","03","01","January","90920000","State Government                        ","State Government                        ","4",100679,999999.0,999999.00,999999.00,,,,0.3578548600,-0.2585694400,3.4392386500,1170,"0","4"
"27","01","000000","Minnesota                       ","2020","03","01","January","90921611","State Government Education","61                                      ","8",60826,999999.0,999999.00,999999.00,,,,3.1963625200,0.5238890000,2.0778427500,1180,"0","7"
"27","01","000000","Minnesota                       ","2020","03","01","January","90922000","State Government excluding Education","State Government excluding Education","8",39853,999999.0,999999.00,999999.00,,,,-3.6855333700,-1.4295961000,1.3613959000,1185,"0","7"
"27","01","000000","Minnesota                       ","2020","03","01","January","90930000","Local Government                        ","Local Government                        ","4",294489,999999.0,999999.00,999999.00,,,,-1.9023984000,-0.1248062600,10.0598729900,1190,"0","4"
"27","01","000000","Minnesota                       ","2020","03","01","January","90932000","Local Government excluding Education","Local Government excluding Education","8",146284,999999.0,999999.00,999999.00,,,,-2.5319154600,0.0471907800,4.9971253900,1195,"0","7"
"27","01","000000","Minnesota                       ","2020","03","01","January","90931611","Local Government Education","61                                      ","8",148205,999999.0,999999.00,999999.00,,,,-1.2730155300,-0.2939949600,5.0627475900,1200,"0","7"
